feature,rho,p,n_cities
R.median,-0.6359930209435297,0.0194597220502671,13
Rg_km.median,-0.0484239335956647,0.8751716788818307,13
q.median,-0.08567311328463756,0.7807936339992934,13
N.median,-0.5928185229041267,0.032740688489306675,13
