{
  "city": "Bandung",
  "tz": "Asia/Jakarta",
  "n_users_total": 3373,
  "n_users_valid": 48,
  "q": {
    "mean": 0.7047688276885253,
    "median": 0.7435894509157113,
    "p25": 0.6958683157982745,
    "p75": 0.7799156091739264,
    "min": 0.31034482758620685,
    "max": 0.7994530537830447,
    "count": 48
  },
  "S_unc": {
    "mean": 3.1642473074942856,
    "median": 3.0,
    "p25": 2.584962500721156,
    "p75": 3.6676679467063886,
    "min": 1.9219280948873623,
    "max": 5.980470166135719,
    "count": 48
  },
  "S_rand": {
    "mean": 3.208923121815893,
    "median": 3.0,
    "p25": 2.584962500721156,
    "p75": 3.7271685191202204,
    "min": 2.0,
    "max": 6.754887502163468,
    "count": 48
  },
  "Pi_max": {
    "mean": 0.5195526695526695,
    "median": 0.2,
    "p25": 0.13839285714285715,
    "p75": 1.0,
    "min": 0.09090909090909091,
    "max": 1.0,
    "count": 48
  },
  "Rg_km": {
    "mean": 2.1399213537467,
    "median": 1.946151337042658,
    "p25": 1.644743086301246,
    "p75": 2.583421127027563,
    "min": 0.6131578998881695,
    "max": 5.394572145105465,
    "count": 48
  },
  "R": {
    "mean": 0.8776384052501248,
    "median": 0.9,
    "p25": 0.8,
    "p75": 1.0,
    "min": 0.511400651465798,
    "max": 1.0,
    "count": 48
  },
  "figure": "reports/figures/bandung_fig3_combined.png"
}