{
  "city": "Istanbul",
  "tz": "Europe/Istanbul",
  "n_users_total": 23627,
  "n_users_valid": 84,
  "q": {
    "mean": 0.6631177008829424,
    "median": 0.7453754920373563,
    "p25": 0.6728124338022423,
    "p75": 0.7849652009060848,
    "min": -0.025641025641025772,
    "max": 0.7999722183636616,
    "count": 84
  },
  "S_unc": {
    "mean": 2.9133286097270403,
    "median": 2.807354922057604,
    "p25": 2.4960759636690817,
    "p75": 3.169925001442312,
    "min": 1.9219280948873623,
    "max": 5.193706615167214,
    "count": 84
  },
  "S_rand": {
    "mean": 2.938429967733712,
    "median": 2.807354922057604,
    "p25": 2.584962500721156,
    "p75": 3.169925001442312,
    "min": 2.0,
    "max": 5.247927513443585,
    "count": 84
  },
  "Pi_max": {
    "mean": 0.4102303885198622,
    "median": 0.16666666666666666,
    "p25": 0.125,
    "p75": 1.0,
    "min": 0.05263157894736842,
    "max": 1.0,
    "count": 84
  },
  "Rg_km": {
    "mean": 5.157928705090056,
    "median": 3.5340297123267064,
    "p25": 2.5112483009904145,
    "p75": 6.7567673114818225,
    "min": 0.19687468373417752,
    "max": 32.89865112797533,
    "count": 84
  },
  "R": {
    "mean": 0.8103550496402175,
    "median": 0.8516483516483516,
    "p25": 0.7708333333333334,
    "p75": 0.9109848484848484,
    "min": 0.3333333333333333,
    "max": 1.0,
    "count": 84
  },
  "figure": "reports/figures/istanbul_fig3_combined.png"
}