{
  "city": "Jakarta",
  "tz": "Asia/Jakarta",
  "n_users_total": 8326,
  "n_users_valid": 24,
  "q": {
    "mean": 0.6207457493098958,
    "median": 0.7090870623082619,
    "p25": 0.5150380313446975,
    "p75": 0.7556369104815015,
    "min": 0.13875598086124408,
    "max": 0.7894736842105263,
    "count": 24
  },
  "S_unc": {
    "mean": 2.983182223603206,
    "median": 2.94770277922009,
    "p25": 2.4579257748035745,
    "p75": 3.1211153651692722,
    "min": 1.9219280948873623,
    "max": 5.014997302659251,
    "count": 24
  },
  "S_rand": {
    "mean": 3.0113727700929545,
    "median": 3.0,
    "p25": 2.5192038992627075,
    "p75": 3.242301655741058,
    "min": 2.0,
    "max": 5.044394119358453,
    "count": 24
  },
  "Pi_max": {
    "mean": 0.5418855042016807,
    "median": 0.2,
    "p25": 0.16666666666666666,
    "p75": 1.0,
    "min": 0.058823529411764705,
    "max": 1.0,
    "count": 24
  },
  "Rg_km": {
    "mean": 3.194445648080425,
    "median": 3.019102323614841,
    "p25": 2.067856601904899,
    "p75": 4.008717677549891,
    "min": 0.153655653820057,
    "max": 6.8478810209742615,
    "count": 24
  },
  "R": {
    "mean": 0.7860196856520387,
    "median": 0.8,
    "p25": 0.6666666666666666,
    "p75": 1.0,
    "min": 0.25,
    "max": 1.0,
    "count": 24
  },
  "figure": "reports/figures/jakarta_fig3_combined.png"
}