{
  "city": "Kuwait City",
  "tz": "Asia/Kuwait",
  "n_users_total": 9590,
  "n_users_valid": 16,
  "q": {
    "mean": 0.6378899133058636,
    "median": 0.7322401923450264,
    "p25": 0.6501265228452178,
    "p75": 0.7746169461879677,
    "min": 0.0055248618784530246,
    "max": 0.799554565701559,
    "count": 16
  },
  "S_unc": {
    "mean": 2.5856871703993702,
    "median": 2.6817661313779775,
    "p25": 2.247703463198125,
    "p75": 2.8717552033082843,
    "min": 1.7924812503605778,
    "max": 3.7004397181410926,
    "count": 16
  },
  "S_rand": {
    "mean": 2.659838861800349,
    "median": 2.807354922057604,
    "p25": 2.321928094887362,
    "p75": 3.0,
    "min": 2.0,
    "max": 3.700439718141092,
    "count": 16
  },
  "Pi_max": {
    "mean": 0.7019307081807082,
    "median": 1.0,
    "p25": 0.2,
    "p75": 1.0,
    "min": 0.07692307692307693,
    "max": 1.0,
    "count": 16
  },
  "Rg_km": {
    "mean": 3.838585626696937,
    "median": 2.4515078569293394,
    "p25": 1.3993967224950652,
    "p75": 3.7256295472276495,
    "min": 0.334796490760094,
    "max": 13.797113923158463,
    "count": 16
  },
  "R": {
    "mean": 0.8066620879120879,
    "median": 0.8285714285714285,
    "p25": 0.6666666666666666,
    "p75": 0.925,
    "min": 0.6,
    "max": 1.0,
    "count": 16
  },
  "figure": "reports/figures/kuwait-city_fig3_combined.png"
}