{
  "city": "Melbourne",
  "tz": "Australia/Melbourne",
  "n_users_total": 642,
  "n_users_valid": 13,
  "q": {
    "mean": 0.7114586656904566,
    "median": 0.7475728155339806,
    "p25": 0.6931407942238267,
    "p75": 0.7769516728624535,
    "min": 0.42245989304812837,
    "max": 0.7974341661039838,
    "count": 13
  },
  "S_unc": {
    "mean": 3.246141486214226,
    "median": 3.321928094887362,
    "p25": 3.169925001442312,
    "p75": 3.4594316186372978,
    "min": 1.9219280948873623,
    "max": 4.6717805845106355,
    "count": 13
  },
  "S_rand": {
    "mean": 3.3012325358451804,
    "median": 3.321928094887362,
    "p25": 3.169925001442312,
    "p75": 3.584962500721156,
    "min": 2.0,
    "max": 4.754887502163468,
    "count": 13
  },
  "Pi_max": {
    "mean": 0.4556499056499057,
    "median": 0.16666666666666666,
    "p25": 0.1,
    "p75": 1.0,
    "min": 0.07142857142857142,
    "max": 1.0,
    "count": 13
  },
  "Rg_km": {
    "mean": 2.2664572661296947,
    "median": 1.167120666894147,
    "p25": 0.7511192928978161,
    "p75": 3.3999557711798385,
    "min": 0.10426127058303039,
    "max": 6.749430147002409,
    "count": 13
  },
  "R": {
    "mean": 0.8445166771469501,
    "median": 0.8333333333333334,
    "p25": 0.7741935483870968,
    "p75": 0.9285714285714286,
    "min": 0.5555555555555556,
    "max": 1.0,
    "count": 13
  },
  "figure": "reports/figures/melbourne_fig3_combined.png"
}