{
  "city": "Moscow",
  "tz": "Europe/Moscow",
  "n_users_total": 3977,
  "n_users_valid": 18,
  "q": {
    "mean": 0.5474629194879229,
    "median": 0.6338508844548818,
    "p25": 0.35850116344379357,
    "p75": 0.7601111827263938,
    "min": 0.05882352941176472,
    "max": 0.7897897897897898,
    "count": 18
  },
  "S_unc": {
    "mean": 2.7542257677772555,
    "median": 2.655221528859512,
    "p25": 2.321928094887362,
    "p75": 3.114369445886757,
    "min": 2.321928094887362,
    "max": 3.584962500721156,
    "count": 18
  },
  "S_rand": {
    "mean": 2.767482947488383,
    "median": 2.69615871138938,
    "p25": 2.321928094887362,
    "p75": 3.127443751081734,
    "min": 2.321928094887362,
    "max": 3.584962500721156,
    "count": 18
  },
  "Pi_max": {
    "mean": 0.34581128747795414,
    "median": 0.2,
    "p25": 0.14285714285714285,
    "p75": 0.2,
    "min": 0.08333333333333333,
    "max": 1.0,
    "count": 18
  },
  "Rg_km": {
    "mean": 1.3852471294882363,
    "median": 1.1450475107768057,
    "p25": 0.5936067091690265,
    "p75": 1.5389831531554299,
    "min": 0.24632736591602986,
    "max": 3.8079444037013204,
    "count": 18
  },
  "R": {
    "mean": 0.7027777777777778,
    "median": 0.6833333333333333,
    "p25": 0.6166666666666667,
    "p75": 0.8,
    "min": 0.2857142857142857,
    "max": 1.0,
    "count": 18
  },
  "figure": "reports/figures/moscow_fig3_combined.png"
}