{
  "city": "New York City",
  "tz": "America/New_York",
  "n_users_total": 6917,
  "n_users_valid": 224,
  "q": {
    "mean": 0.7051434231956532,
    "median": 0.7523645670532022,
    "p25": 0.7036803112261505,
    "p75": 0.7836779371873733,
    "min": -0.36363636363636354,
    "max": 0.7993311036789298,
    "count": 224
  },
  "S_unc": {
    "mean": 3.3604178389559722,
    "median": 3.321928094887362,
    "p25": 2.807354922057604,
    "p75": 3.906890595608518,
    "min": 1.9182958340544893,
    "max": 5.76271457556825,
    "count": 224
  },
  "S_rand": {
    "mean": 3.379249096276548,
    "median": 3.321928094887362,
    "p25": 2.807354922057604,
    "p75": 3.9068905956085187,
    "min": 2.0,
    "max": 5.78135971352466,
    "count": 224
  },
  "Pi_max": {
    "mean": 0.42643558004200216,
    "median": 0.14285714285714285,
    "p25": 0.1,
    "p75": 1.0,
    "min": 0.03225806451612903,
    "max": 1.0,
    "count": 224
  },
  "Rg_km": {
    "mean": 5.378410291668346,
    "median": 3.114735727054386,
    "p25": 2.320963412224152,
    "p75": 3.87176208838558,
    "min": 0.24318912156265377,
    "max": 475.2944062854159,
    "count": 224
  },
  "R": {
    "mean": 0.8444459208053673,
    "median": 0.875,
    "p25": 0.7692307692307693,
    "p75": 1.0,
    "min": 0.2631578947368421,
    "max": 1.0,
    "count": 224
  },
  "figure": "reports/figures/new-york-city_fig3_combined.png"
}