{
  "city": "Palembang",
  "tz": "Asia/Jakarta",
  "n_users_total": 267,
  "n_users_valid": 3,
  "q": {
    "mean": 0.7316863925858303,
    "median": 0.7001873828856964,
    "p25": 0.7000936914428482,
    "p75": 0.7475295888787457,
    "min": 0.7,
    "max": 0.7948717948717949,
    "count": 3
  },
  "S_unc": {
    "mean": 3.2199418194461713,
    "median": 3.3248629576173565,
    "p25": 3.0374314788086783,
    "p75": 3.4549127291692563,
    "min": 2.75,
    "max": 3.584962500721156,
    "count": 3
  },
  "S_rand": {
    "mean": 3.2839163471386854,
    "median": 3.4594316186372973,
    "p25": 3.133393270347451,
    "p75": 3.5221970596792267,
    "min": 2.807354922057604,
    "max": 3.584962500721156,
    "count": 3
  },
  "Pi_max": {
    "mean": 0.6944444444444443,
    "median": 1.0,
    "p25": 0.5416666666666667,
    "p75": 1.0,
    "min": 0.08333333333333333,
    "max": 1.0,
    "count": 3
  },
  "Rg_km": {
    "mean": 3.9111988816397787,
    "median": 3.91814575311959,
    "p25": 3.1751858797058663,
    "p75": 4.650685319313597,
    "min": 2.4322260062921424,
    "max": 5.3832248855076035,
    "count": 3
  },
  "R": {
    "mean": 0.9246031746031745,
    "median": 0.9166666666666666,
    "p25": 0.8869047619047619,
    "p75": 0.9583333333333333,
    "min": 0.8571428571428571,
    "max": 1.0,
    "count": 3
  },
  "figure": "reports/figures/palembang_fig3_combined.png"
}