user_id,n_points,q,S_unc,S_rand,Pi_max,Rg_km,R,R_rand
71531,8,0.7001873828856964,2.75,2.807354922057604,1.0,3.91814575311959,1.0,0.14285714285714285
142842,12,0.7,3.584962500721156,3.584962500721156,0.08333333333333333,2.4322260062921424,0.9166666666666666,0.08333333333333333
193002,14,0.7948717948717949,3.3248629576173565,3.4594316186372973,1.0,5.3832248855076035,0.8571428571428571,0.09090909090909091
