{
  "city": "Petaling Jaya",
  "tz": "Asia/Kuala_Lumpur",
  "n_users_total": 14262,
  "n_users_valid": 93,
  "q": {
    "mean": 0.6478356349527784,
    "median": 0.72875226039783,
    "p25": 0.5973154362416107,
    "p75": 0.7684887459807074,
    "min": -0.02739726027397249,
    "max": 0.7991071428571428,
    "count": 93
  },
  "S_unc": {
    "mean": 2.9373266622321212,
    "median": 2.807354922057604,
    "p25": 2.584962500721156,
    "p75": 3.182005814760214,
    "min": 0.9709505944546686,
    "max": 4.6150610122030695,
    "count": 93
  },
  "S_rand": {
    "mean": 2.967748002964126,
    "median": 2.807354922057604,
    "p25": 2.584962500721156,
    "p75": 3.321928094887362,
    "min": 1.0,
    "max": 4.700439718141092,
    "count": 93
  },
  "Pi_max": {
    "mean": 0.5128008356597323,
    "median": 0.2,
    "p25": 0.16666666666666666,
    "p75": 1.0,
    "min": 0.05555555555555555,
    "max": 1.0,
    "count": 93
  },
  "Rg_km": {
    "mean": 2.502546171356595,
    "median": 1.757447489927854,
    "p25": 0.5036017215565091,
    "p75": 4.194657994380028,
    "min": 0.025103167039225518,
    "max": 8.030611033247114,
    "count": 93
  },
  "R": {
    "mean": 0.8253388400884156,
    "median": 0.8571428571428571,
    "p25": 0.7142857142857143,
    "p75": 1.0,
    "min": 0.4,
    "max": 1.0,
    "count": 93
  },
  "figure": "reports/figures/petaling-jaya_fig3_combined.png"
}