user_id,n_points,q,S_unc,S_rand,Pi_max,Rg_km,R,R_rand
7628,9,0.7803538743136058,3.169925001442312,3.169925001442312,0.1111111111111111,2.026065797291783,0.6666666666666666,0.1111111111111111
82753,5,0.653179190751445,2.321928094887362,2.321928094887362,0.2,0.5180911074043697,1.0,0.2
95128,6,0.7934595524956971,2.584962500721156,2.584962500721156,0.16666666666666666,0.8840179976265502,1.0,0.16666666666666666
107340,8,0.777262180974478,2.75,2.807354922057604,1.0,1.2578975834798491,1.0,0.14285714285714285
226627,5,0.790356394129979,2.321928094887362,2.321928094887362,0.2,1.3653443471982118,1.0,0.2
234305,5,0.6657381615598885,2.321928094887362,2.321928094887362,0.2,2.2520073622860877,0.8,0.2
