{
  "city": "Sydney",
  "tz": "Australia/Sydney",
  "n_users_total": 740,
  "n_users_valid": 28,
  "q": {
    "mean": 0.6906145219316844,
    "median": 0.7192182817182817,
    "p25": 0.6445482624939316,
    "p75": 0.7714742063796785,
    "min": 0.3023255813953488,
    "max": 0.7898949474737369,
    "count": 28
  },
  "S_unc": {
    "mean": 3.2752566885845904,
    "median": 2.94770277922009,
    "p25": 2.584962500721156,
    "p75": 3.8721610526423045,
    "min": 1.9219280948873623,
    "max": 5.7413730052362935,
    "count": 28
  },
  "S_rand": {
    "mean": 3.3009633617318412,
    "median": 3.0,
    "p25": 2.584962500721156,
    "p75": 3.930167946706389,
    "min": 2.0,
    "max": 5.832890014164741,
    "count": 28
  },
  "Pi_max": {
    "mean": 0.4386272457701028,
    "median": 0.16666666666666666,
    "p25": 0.11298076923076923,
    "p75": 1.0,
    "min": 0.05,
    "max": 1.0,
    "count": 28
  },
  "Rg_km": {
    "mean": 4.5923546234905,
    "median": 3.1027325943479527,
    "p25": 1.3631674753397127,
    "p75": 4.196939392861253,
    "min": 0.47668806552533244,
    "max": 26.10777070433403,
    "count": 28
  },
  "R": {
    "mean": 0.8217577854353617,
    "median": 0.8284313725490196,
    "p25": 0.7638888888888888,
    "p75": 0.9230769230769231,
    "min": 0.38461538461538464,
    "max": 1.0,
    "count": 28
  },
  "figure": "reports/figures/sydney_fig3_combined.png"
}