{
  "city": "S\u00e3o Paulo",
  "tz": "America/Sao_Paulo",
  "n_users_total": 5815,
  "n_users_valid": 47,
  "q": {
    "mean": 0.7012028140490997,
    "median": 0.7602131438721137,
    "p25": 0.6941259635913232,
    "p75": 0.7871768258161917,
    "min": 0.0,
    "max": 0.7980931015143018,
    "count": 47
  },
  "S_unc": {
    "mean": 2.9816733370637447,
    "median": 2.94770277922009,
    "p25": 2.5533015685322376,
    "p75": 3.3479546354368024,
    "min": 1.7924812503605778,
    "max": 4.875,
    "count": 47
  },
  "S_rand": {
    "mean": 3.0358243704916843,
    "median": 3.0,
    "p25": 2.584962500721156,
    "p75": 3.39067985676233,
    "min": 2.0,
    "max": 4.906890595608519,
    "count": 47
  },
  "Pi_max": {
    "mean": 0.5454283010134073,
    "median": 0.2,
    "p25": 0.125,
    "p75": 1.0,
    "min": 0.0625,
    "max": 1.0,
    "count": 47
  },
  "Rg_km": {
    "mean": 11.976888831265681,
    "median": 2.3867523784465416,
    "p25": 1.5784462037346,
    "p75": 3.12543935909681,
    "min": 0.2108394236622318,
    "max": 449.89794348371544,
    "count": 47
  },
  "R": {
    "mean": 0.7988765666957156,
    "median": 0.8181818181818182,
    "p25": 0.7303030303030302,
    "p75": 0.9258241758241759,
    "min": 0.14285714285714285,
    "max": 1.0,
    "count": 47
  },
  "figure": "reports/figures/s\u00e3o-paulo_fig3_combined.png"
}