{
  "city": "Tangerang",
  "tz": "Asia/Jakarta",
  "n_users_total": 1427,
  "n_users_valid": 3,
  "q": {
    "mean": 0.7328319126071935,
    "median": 0.7777777777777778,
    "p25": 0.7016229712858926,
    "p75": 0.7865137865137866,
    "min": 0.6254681647940075,
    "max": 0.7952497952497952,
    "count": 3
  },
  "S_unc": {
    "mean": 3.3266424641437893,
    "median": 3.121928094887362,
    "p25": 2.6867786311375923,
    "p75": 3.8641491125217717,
    "min": 2.2516291673878226,
    "max": 4.606370130156182,
    "count": 3
  },
  "S_rand": {
    "mean": 3.4499446971524157,
    "median": 3.169925001442312,
    "p25": 2.745926548164837,
    "p75": 4.0139529982849425,
    "min": 2.321928094887362,
    "max": 4.857980995127572,
    "count": 3
  },
  "Pi_max": {
    "mean": 1.0,
    "median": 1.0,
    "p25": 1.0,
    "p75": 1.0,
    "min": 1.0,
    "max": 1.0,
    "count": 3
  },
  "Rg_km": {
    "mean": 1.6036331752015263,
    "median": 1.0494731633015444,
    "p25": 0.6894151898563747,
    "p75": 2.2407711545966866,
    "min": 0.3293572164112052,
    "max": 3.4320691458918287,
    "count": 3
  },
  "R": {
    "mean": 0.96,
    "median": 1.0,
    "p25": 0.94,
    "p75": 1.0,
    "min": 0.88,
    "max": 1.0,
    "count": 3
  },
  "figure": "reports/figures/tangerang_fig3_combined.png"
}