user_id,n_points,q,S_unc,S_rand,Pi_max,Rg_km,R,R_rand
78079,6,0.7777777777777778,2.2516291673878226,2.321928094887362,1.0,0.3293572164112052,1.0,0.2
83981,50,0.7952497952497952,4.606370130156182,4.857980995127572,1.0,3.4320691458918287,0.88,0.034482758620689655
130365,10,0.6254681647940075,3.121928094887362,3.169925001442312,1.0,1.0494731633015444,1.0,0.1111111111111111
