user_id,n_points,q,S_unc,S_rand,Pi_max,Rg_km,R,R_rand
80175,5,-0.4457831325301205,2.321928094887362,2.321928094887362,0.2,2.359653759667628,0.4,0.2
87537,6,0.7024793388429752,2.584962500721156,2.584962500721156,0.16666666666666666,6.316971045226531,0.5,0.16666666666666666
