{
  "city": "Tokyo",
  "tz": "Asia/Tokyo",
  "n_users_total": 761,
  "n_users_valid": 2,
  "q": {
    "mean": 0.12834810315642736,
    "median": 0.12834810315642736,
    "p25": -0.15871751468684658,
    "p75": 0.4154137209997013,
    "min": -0.4457831325301205,
    "max": 0.7024793388429752,
    "count": 2
  },
  "S_unc": {
    "mean": 2.453445297804259,
    "median": 2.453445297804259,
    "p25": 2.3876866963458108,
    "p75": 2.5192038992627075,
    "min": 2.321928094887362,
    "max": 2.584962500721156,
    "count": 2
  },
  "S_rand": {
    "mean": 2.453445297804259,
    "median": 2.453445297804259,
    "p25": 2.3876866963458108,
    "p75": 2.5192038992627075,
    "min": 2.321928094887362,
    "max": 2.584962500721156,
    "count": 2
  },
  "Pi_max": {
    "mean": 0.18333333333333335,
    "median": 0.18333333333333335,
    "p25": 0.175,
    "p75": 0.19166666666666668,
    "min": 0.16666666666666666,
    "max": 0.2,
    "count": 2
  },
  "Rg_km": {
    "mean": 4.338312402447079,
    "median": 4.338312402447079,
    "p25": 3.3489830810573538,
    "p75": 5.3276417238368055,
    "min": 2.359653759667628,
    "max": 6.316971045226531,
    "count": 2
  },
  "R": {
    "mean": 0.45,
    "median": 0.45,
    "p25": 0.42500000000000004,
    "p75": 0.475,
    "min": 0.4,
    "max": 0.5,
    "count": 2
  },
  "figure": "reports/figures/tokyo_fig3_combined.png"
}