{
  "city": "Bandung",
  "tz": "Asia/Jakarta",
  "n_users_total": 3177,
  "n_users_valid": 52,
  "q": {
    "mean": 0.4372109038580415,
    "median": 0.5167358588479501,
    "p25": 0.2792771084337349,
    "p75": 0.6108634108555725,
    "min": -0.23711340206185572,
    "max": 0.7535934291581109,
    "count": 52
  },
  "S_unc": {
    "mean": 2.6765306762233667,
    "median": 2.321928094887362,
    "p25": 2.321928094887362,
    "p75": 2.807354922057604,
    "min": 1.9219280948873623,
    "max": 6.3039467380821845,
    "count": 52
  },
  "S_rand": {
    "mean": 2.6956359365237343,
    "median": 2.321928094887362,
    "p25": 2.321928094887362,
    "p75": 2.807354922057604,
    "min": 2.0,
    "max": 6.475733430966398,
    "count": 52
  },
  "Pi_max": {
    "mean": 0.36655934877088725,
    "median": 0.2,
    "p25": 0.16666666666666666,
    "p75": 0.2,
    "min": 0.07692307692307693,
    "max": 1.0,
    "count": 52
  },
  "Rg_km": {
    "mean": 1.5650806819847438,
    "median": 1.581180310365772,
    "p25": 0.9857045416862599,
    "p75": 2.152519053047066,
    "min": 0.09059365212617772,
    "max": 3.42084893738201,
    "count": 52
  },
  "R": {
    "mean": 0.7445895709851852,
    "median": 0.8,
    "p25": 0.6,
    "p75": 0.8928571428571428,
    "min": 0.19424460431654678,
    "max": 1.0,
    "count": 52
  },
  "figure": "reports/figures/bandung_fig3_combined.png"
}