{
  "city": "Shanghai",
  "tz": "Asia/Shanghai",
  "n_users_total": 296,
  "n_users_valid": 6,
  "q": {
    "mean": 0.7433915590375156,
    "median": 0.7788080276440419,
    "p25": 0.6936191664135358,
    "p75": 0.7878557641758858,
    "min": 0.653179190751445,
    "max": 0.7934595524956971,
    "count": 6
  },
  "S_unc": {
    "mean": 2.578445297804259,
    "median": 2.453445297804259,
    "p25": 2.321928094887362,
    "p75": 2.708740625180289,
    "min": 2.321928094887362,
    "max": 3.169925001442312,
    "count": 6
  },
  "S_rand": {
    "mean": 2.588004451480526,
    "median": 2.453445297804259,
    "p25": 2.321928094887362,
    "p75": 2.7517568167234923,
    "min": 2.321928094887362,
    "max": 3.169925001442312,
    "count": 6
  },
  "Pi_max": {
    "mean": 0.31296296296296294,
    "median": 0.2,
    "p25": 0.175,
    "p75": 0.2,
    "min": 0.1111111111111111,
    "max": 1.0,
    "count": 6
  },
  "Rg_km": {
    "mean": 1.3839040325478085,
    "median": 1.3116209653390305,
    "p25": 0.9774878940898749,
    "p75": 1.86088543476839,
    "min": 0.5180911074043697,
    "max": 2.2520073622860877,
    "count": 6
  },
  "R": {
    "mean": 0.911111111111111,
    "median": 1.0,
    "p25": 0.8500000000000001,
    "p75": 1.0,
    "min": 0.6666666666666666,
    "max": 1.0,
    "count": 6
  },
  "figure": "reports/figures/shanghai_fig3_combined.png"
}