{
  "city": "Beijing",
  "tz": "Asia/Shanghai",
  "n_users_total": 52,
  "n_users_valid": 1,
  "q": {
    "mean": 0.21052631578947367,
    "median": 0.21052631578947367,
    "p25": 0.21052631578947367,
    "p75": 0.21052631578947367,
    "min": 0.21052631578947367,
    "max": 0.21052631578947367,
    "count": 1
  },
  "S_unc": {
    "mean": 2.321928094887362,
    "median": 2.321928094887362,
    "p25": 2.321928094887362,
    "p75": 2.321928094887362,
    "min": 2.321928094887362,
    "max": 2.321928094887362,
    "count": 1
  },
  "S_rand": {
    "mean": 2.321928094887362,
    "median": 2.321928094887362,
    "p25": 2.321928094887362,
    "p75": 2.321928094887362,
    "min": 2.321928094887362,
    "max": 2.321928094887362,
    "count": 1
  },
  "Pi_max": {
    "mean": 0.2,
    "median": 0.2,
    "p25": 0.2,
    "p75": 0.2,
    "min": 0.2,
    "max": 0.2,
    "count": 1
  },
  "Rg_km": {
    "mean": 1.4431751850420151,
    "median": 1.4431751850420151,
    "p25": 1.4431751850420151,
    "p75": 1.4431751850420151,
    "min": 1.4431751850420151,
    "max": 1.4431751850420151,
    "count": 1
  },
  "R": {
    "mean": 0.2,
    "median": 0.2,
    "p25": 0.2,
    "p75": 0.2,
    "min": 0.2,
    "max": 0.2,
    "count": 1
  },
  "figure": "reports_test/figures/beijing_fig3_combined.png"
}