user_id,n_points,q,S_unc,S_rand,Pi_max,Rg_km,R,R_rand
179013,5,0.21052631578947367,2.321928094887362,2.321928094887362,0.2,1.4431751850420151,0.2,0.2
