{
  "city": "Istanbul",
  "tz": "Europe/Istanbul",
  "n_users_total": 21096,
  "n_users_valid": 246,
  "q": {
    "mean": 0.3884330021935037,
    "median": 0.4121185746467335,
    "p25": 0.1752287121745251,
    "p75": 0.5903340696781924,
    "min": -0.46341463414634143,
    "max": 0.799554565701559,
    "count": 246
  },
  "S_unc": {
    "mean": 2.4801922232196874,
    "median": 2.321928094887362,
    "p25": 2.321928094887362,
    "p75": 2.584962500721156,
    "min": 0.9709505944546686,
    "max": 4.20184123230257,
    "count": 246
  },
  "S_rand": {
    "mean": 2.496751852686257,
    "median": 2.321928094887362,
    "p25": 2.321928094887362,
    "p75": 2.584962500721156,
    "min": 1.0,
    "max": 4.247927513443585,
    "count": 246
  },
  "Pi_max": {
    "mean": 0.34755069500403346,
    "median": 0.2,
    "p25": 0.16666666666666666,
    "p75": 0.2,
    "min": 7.888609052210118e-31,
    "max": 1.0,
    "count": 246
  },
  "Rg_km": {
    "mean": 3.154608407235261,
    "median": 2.3670153493100465,
    "p25": 1.3292631422541163,
    "p75": 3.7880356329606935,
    "min": 0.11147321237919543,
    "max": 22.634842740059543,
    "count": 246
  },
  "R": {
    "mean": 0.739177934757203,
    "median": 0.8,
    "p25": 0.6,
    "p75": 0.8333333333333334,
    "min": 0.1111111111111111,
    "max": 1.0,
    "count": 246
  },
  "figure": "reports_test/figures/istanbul_fig3_combined.png"
}