{
  "city": "Kuwait City",
  "tz": "Asia/Kuwait",
  "n_users_total": 8596,
  "n_users_valid": 70,
  "q": {
    "mean": 0.3106883383113135,
    "median": 0.33293781749415996,
    "p25": 0.11515151515151523,
    "p75": 0.4922728579643474,
    "min": -0.25,
    "max": 0.7799511002444988,
    "count": 70
  },
  "S_unc": {
    "mean": 2.4079335035783047,
    "median": 2.321928094887362,
    "p25": 2.321928094887362,
    "p75": 2.584962500721156,
    "min": 1.9219280948873623,
    "max": 3.521640636343319,
    "count": 70
  },
  "S_rand": {
    "mean": 2.4340618532815683,
    "median": 2.321928094887362,
    "p25": 2.321928094887362,
    "p75": 2.584962500721156,
    "min": 2.0,
    "max": 3.584962500721156,
    "count": 70
  },
  "Pi_max": {
    "mean": 0.40689342403628115,
    "median": 0.2,
    "p25": 0.2,
    "p75": 1.0,
    "min": 0.1111111111111111,
    "max": 1.0,
    "count": 70
  },
  "Rg_km": {
    "mean": 4.283198972992012,
    "median": 2.6359808545704615,
    "p25": 1.6640208771180491,
    "p75": 4.6185578051375415,
    "min": 0.04617231938386667,
    "max": 34.113303824848934,
    "count": 70
  },
  "R": {
    "mean": 0.7247562358276641,
    "median": 0.8,
    "p25": 0.6,
    "p75": 0.8,
    "min": 0.3333333333333333,
    "max": 1.0,
    "count": 70
  },
  "figure": "reports_test/figures/kuwait-city_fig3_combined.png"
}