{
  "city": "Melbourne",
  "tz": "Australia/Melbourne",
  "n_users_total": 583,
  "n_users_valid": 26,
  "q": {
    "mean": 0.3728301044864667,
    "median": 0.43713038580681496,
    "p25": 0.17476765302852262,
    "p75": 0.5645752860984039,
    "min": -0.0948905109489051,
    "max": 0.6923076923076923,
    "count": 26
  },
  "S_unc": {
    "mean": 2.683701542053032,
    "median": 2.69615871138938,
    "p25": 2.321928094887362,
    "p75": 2.807354922057604,
    "min": 1.9219280948873623,
    "max": 3.906890595608518,
    "count": 26
  },
  "S_rand": {
    "mean": 2.688715739202746,
    "median": 2.69615871138938,
    "p25": 2.321928094887362,
    "p75": 2.807354922057604,
    "min": 2.0,
    "max": 3.9068905956085187,
    "count": 26
  },
  "Pi_max": {
    "mean": 0.2584401709401709,
    "median": 0.16666666666666666,
    "p25": 0.14285714285714285,
    "p75": 0.2,
    "min": 0.1111111111111111,
    "max": 1.0,
    "count": 26
  },
  "Rg_km": {
    "mean": 3.0127204368718212,
    "median": 1.1143642063837604,
    "p25": 0.6636789433042173,
    "p75": 3.3816825290868864,
    "min": 0.2640855026567243,
    "max": 22.713219616561208,
    "count": 26
  },
  "R": {
    "mean": 0.7618284493284494,
    "median": 0.8166666666666667,
    "p25": 0.6071428571428571,
    "p75": 1.0,
    "min": 0.14285714285714285,
    "max": 1.0,
    "count": 26
  },
  "figure": "reports_test/figures/melbourne_fig3_combined.png"
}