{
  "city": "Moscow",
  "tz": "Europe/Moscow",
  "n_users_total": 3954,
  "n_users_valid": 66,
  "q": {
    "mean": 0.2579081743368455,
    "median": 0.2551207558220181,
    "p25": -0.009960434302539511,
    "p75": 0.49155651654942323,
    "min": -0.39534883720930236,
    "max": 0.7949886104783599,
    "count": 66
  },
  "S_unc": {
    "mean": 2.5051812665696187,
    "median": 2.321928094887362,
    "p25": 2.321928094887362,
    "p75": 2.7517568167234923,
    "min": 1.3709505944546687,
    "max": 4.961372587009959,
    "count": 66
  },
  "S_rand": {
    "mean": 2.526282549522881,
    "median": 2.321928094887362,
    "p25": 2.321928094887362,
    "p75": 2.7517568167234923,
    "min": 1.584962500721156,
    "max": 5.321928094887363,
    "count": 66
  },
  "Pi_max": {
    "mean": 0.3124415394891736,
    "median": 0.2,
    "p25": 0.16666666666666666,
    "p75": 0.2,
    "min": 0.08333333333333333,
    "max": 1.0,
    "count": 66
  },
  "Rg_km": {
    "mean": 1.502481208817199,
    "median": 1.0254105632462012,
    "p25": 0.6258826934150298,
    "p75": 1.83624287170992,
    "min": 0.028759079054704567,
    "max": 5.526069501528573,
    "count": 66
  },
  "R": {
    "mean": 0.6810099933234262,
    "median": 0.6666666666666666,
    "p25": 0.6,
    "p75": 0.8,
    "min": 0.2857142857142857,
    "max": 1.0,
    "count": 66
  },
  "figure": "reports_test/figures/moscow_fig3_combined.png"
}