{
  "city": "New York City",
  "tz": "America/New_York",
  "n_users_total": 6223,
  "n_users_valid": 341,
  "q": {
    "mean": 0.4239512033840908,
    "median": 0.471830985915493,
    "p25": 0.30097087378640763,
    "p75": 0.5804195804195804,
    "min": -0.6216216216216215,
    "max": 0.7931034482758621,
    "count": 341
  },
  "S_unc": {
    "mean": 2.7073262435969694,
    "median": 2.584962500721156,
    "p25": 2.321928094887362,
    "p75": 3.0,
    "min": 1.7924812503605778,
    "max": 4.623516641218015,
    "count": 341
  },
  "S_rand": {
    "mean": 2.716054846402063,
    "median": 2.584962500721156,
    "p25": 2.321928094887362,
    "p75": 3.0,
    "min": 2.0,
    "max": 4.643856189774724,
    "count": 341
  },
  "Pi_max": {
    "mean": 0.26862227022609436,
    "median": 0.16666666666666666,
    "p25": 0.14285714285714285,
    "p75": 0.2,
    "min": 0.05263157894736842,
    "max": 1.0,
    "count": 341
  },
  "Rg_km": {
    "mean": 2.9400465025332165,
    "median": 2.237405879990266,
    "p25": 1.2608281211810954,
    "p75": 3.4127695524334074,
    "min": 0.17665946374390046,
    "max": 106.5718215403227,
    "count": 341
  },
  "R": {
    "mean": 0.7408680436813527,
    "median": 0.8,
    "p25": 0.6,
    "p75": 1.0,
    "min": 0.13636363636363635,
    "max": 1.0,
    "count": 341
  },
  "figure": "reports_test/figures/new-york-city_fig3_combined.png"
}