user_id,n_points,q,S_unc,S_rand,Pi_max,Rg_km,R,R_rand
71348,5,0.375,2.321928094887362,2.321928094887362,0.2,4.7333860333354085,0.8,0.2
145815,6,0.36305732484076425,2.584962500721156,2.584962500721156,0.16666666666666666,1.9090634496045298,0.8333333333333334,0.16666666666666666
