{
  "city": "Palembang",
  "tz": "Asia/Jakarta",
  "n_users_total": 252,
  "n_users_valid": 2,
  "q": {
    "mean": 0.3690286624203821,
    "median": 0.3690286624203821,
    "p25": 0.3660429936305732,
    "p75": 0.37201433121019106,
    "min": 0.36305732484076425,
    "max": 0.375,
    "count": 2
  },
  "S_unc": {
    "mean": 2.453445297804259,
    "median": 2.453445297804259,
    "p25": 2.3876866963458108,
    "p75": 2.5192038992627075,
    "min": 2.321928094887362,
    "max": 2.584962500721156,
    "count": 2
  },
  "S_rand": {
    "mean": 2.453445297804259,
    "median": 2.453445297804259,
    "p25": 2.3876866963458108,
    "p75": 2.5192038992627075,
    "min": 2.321928094887362,
    "max": 2.584962500721156,
    "count": 2
  },
  "Pi_max": {
    "mean": 0.18333333333333335,
    "median": 0.18333333333333335,
    "p25": 0.175,
    "p75": 0.19166666666666668,
    "min": 0.16666666666666666,
    "max": 0.2,
    "count": 2
  },
  "Rg_km": {
    "mean": 3.321224741469969,
    "median": 3.321224741469969,
    "p25": 2.6151440955372496,
    "p75": 4.027305387402689,
    "min": 1.9090634496045298,
    "max": 4.7333860333354085,
    "count": 2
  },
  "R": {
    "mean": 0.8166666666666667,
    "median": 0.8166666666666667,
    "p25": 0.8083333333333333,
    "p75": 0.8250000000000001,
    "min": 0.8,
    "max": 0.8333333333333334,
    "count": 2
  },
  "figure": "reports_test/figures/palembang_fig3_combined.png"
}