{
  "city": "Shanghai",
  "tz": "Asia/Shanghai",
  "n_users_total": 259,
  "n_users_valid": 12,
  "q": {
    "mean": 0.46124436634021526,
    "median": 0.4543222734712097,
    "p25": 0.3024796195652174,
    "p75": 0.627115174672489,
    "min": 0.055118110236220486,
    "max": 0.7981157469717362,
    "count": 12
  },
  "S_unc": {
    "mean": 2.5843796652852773,
    "median": 2.321928094887362,
    "p25": 2.321928094887362,
    "p75": 2.688721875540867,
    "min": 2.321928094887362,
    "max": 3.852168723603281,
    "count": 12
  },
  "S_rand": {
    "mean": 2.588939821285714,
    "median": 2.321928094887362,
    "p25": 2.321928094887362,
    "p75": 2.688721875540867,
    "min": 2.321928094887362,
    "max": 3.9068905956085187,
    "count": 12
  },
  "Pi_max": {
    "mean": 0.25138888888888894,
    "median": 0.2,
    "p25": 0.19166666666666668,
    "p75": 0.2,
    "min": 0.125,
    "max": 1.0,
    "count": 12
  },
  "Rg_km": {
    "mean": 3.331072467439022,
    "median": 1.7151098767489756,
    "p25": 1.1797378151596547,
    "p75": 2.981672078105968,
    "min": 0.1366902125185222,
    "max": 18.47162650127375,
    "count": 12
  },
  "R": {
    "mean": 0.7146650326797386,
    "median": 0.8,
    "p25": 0.7125,
    "p75": 0.84375,
    "min": 0.11764705882352941,
    "max": 1.0,
    "count": 12
  },
  "figure": "reports_test/figures/shanghai_fig3_combined.png"
}