{
  "city": "Sydney",
  "tz": "Australia/Sydney",
  "n_users_total": 679,
  "n_users_valid": 30,
  "q": {
    "mean": 0.43000528971051916,
    "median": 0.4951068009273188,
    "p25": 0.31786931871692,
    "p75": 0.5831464895589679,
    "min": -0.04247104247104261,
    "max": 0.7549019607843137,
    "count": 30
  },
  "S_unc": {
    "mean": 2.7296608260858974,
    "median": 2.584962500721156,
    "p25": 2.321928094887362,
    "p75": 3.0,
    "min": 2.2516291673878226,
    "max": 4.20184123230257,
    "count": 30
  },
  "S_rand": {
    "mean": 2.7593832705804835,
    "median": 2.584962500721156,
    "p25": 2.321928094887362,
    "p75": 3.0,
    "min": 2.321928094887362,
    "max": 4.247927513443585,
    "count": 30
  },
  "Pi_max": {
    "mean": 0.476058201058201,
    "median": 0.2,
    "p25": 0.16666666666666666,
    "p75": 1.0,
    "min": 0.1111111111111111,
    "max": 1.0,
    "count": 30
  },
  "Rg_km": {
    "mean": 15.983151446979225,
    "median": 1.263949203816754,
    "p25": 0.5587031514177678,
    "p75": 3.2505330473365106,
    "min": 0.09106508452076838,
    "max": 396.40815204524506,
    "count": 30
  },
  "R": {
    "mean": 0.7347522810293708,
    "median": 0.775,
    "p25": 0.611764705882353,
    "p75": 0.8333333333333334,
    "min": 0.3333333333333333,
    "max": 1.0,
    "count": 30
  },
  "figure": "reports_test/figures/sydney_fig3_combined.png"
}