{
  "city": "S\u00e3o Paulo",
  "tz": "America/Sao_Paulo",
  "n_users_total": 5436,
  "n_users_valid": 122,
  "q": {
    "mean": 0.3964239142007524,
    "median": 0.4302907369844489,
    "p25": 0.24477399212705309,
    "p75": 0.5921612483290668,
    "min": -0.6901408450704225,
    "max": 0.7949886104783599,
    "count": 122
  },
  "S_unc": {
    "mean": 2.6416248978174206,
    "median": 2.5533015685322376,
    "p25": 2.321928094887362,
    "p75": 2.9126158149294685,
    "min": 1.9219280948873623,
    "max": 4.368522527728206,
    "count": 122
  },
  "S_rand": {
    "mean": 2.6567014932666013,
    "median": 2.584962500721156,
    "p25": 2.321928094887362,
    "p75": 2.951838730514401,
    "min": 2.0,
    "max": 4.392317422778761,
    "count": 122
  },
  "Pi_max": {
    "mean": 0.3386704597770172,
    "median": 0.2,
    "p25": 0.1488095238095238,
    "p75": 0.2,
    "min": 0.05555555555555555,
    "max": 1.0,
    "count": 122
  },
  "Rg_km": {
    "mean": 2.2240586553347104,
    "median": 2.0040278533639633,
    "p25": 1.3162193503048314,
    "p75": 3.04633889288666,
    "min": 0.046322080404264325,
    "max": 6.1501500906832645,
    "count": 122
  },
  "R": {
    "mean": 0.6657762319647565,
    "median": 0.6833333333333333,
    "p25": 0.5555555555555556,
    "p75": 0.8,
    "min": 0.16666666666666666,
    "max": 1.0,
    "count": 122
  },
  "figure": "reports_test/figures/s\u00e3o-paulo_fig3_combined.png"
}