{
  "city": "Tangerang",
  "tz": "Asia/Jakarta",
  "n_users_total": 1276,
  "n_users_valid": 19,
  "q": {
    "mean": 0.38952951477928616,
    "median": 0.4444444444444444,
    "p25": 0.17808219178082196,
    "p75": 0.5981155445456958,
    "min": -0.25,
    "max": 0.7590361445783133,
    "count": 19
  },
  "S_unc": {
    "mean": 2.729803095585949,
    "median": 2.584962500721156,
    "p25": 2.321928094887362,
    "p75": 2.903677461028802,
    "min": 1.9219280948873623,
    "max": 4.741162778928986,
    "count": 19
  },
  "S_rand": {
    "mean": 2.7549350419639875,
    "median": 2.584962500721156,
    "p25": 2.321928094887362,
    "p75": 2.903677461028802,
    "min": 2.0,
    "max": 5.0,
    "count": 19
  },
  "Pi_max": {
    "mean": 0.385359231411863,
    "median": 0.2,
    "p25": 0.15476190476190477,
    "p75": 0.6,
    "min": 0.1,
    "max": 1.0,
    "count": 19
  },
  "Rg_km": {
    "mean": 2.0873439381065526,
    "median": 1.2155406978456087,
    "p25": 0.7013863328974559,
    "p75": 3.38414602425644,
    "min": 0.05189234390722519,
    "max": 5.186192590427379,
    "count": 19
  },
  "R": {
    "mean": 0.6511183261183262,
    "median": 0.6,
    "p25": 0.4642857142857143,
    "p75": 0.8560606060606061,
    "min": 0.2,
    "max": 1.0,
    "count": 19
  },
  "figure": "reports_test/figures/tangerang_fig3_combined.png"
}