{
  "city": "Tokyo",
  "tz": "Asia/Tokyo",
  "n_users_total": 647,
  "n_users_valid": 20,
  "q": {
    "mean": 0.4108309883357881,
    "median": 0.4403827335000544,
    "p25": 0.28469079939668185,
    "p75": 0.5691993864710608,
    "min": 0.024390243902438935,
    "max": 0.727891156462585,
    "count": 20
  },
  "S_unc": {
    "mean": 2.410277143416703,
    "median": 2.321928094887362,
    "p25": 2.1692038992627074,
    "p75": 2.584962500721156,
    "min": 1.9182958340544893,
    "max": 3.4594316186372978,
    "count": 20
  },
  "S_rand": {
    "mean": 2.4433279738475244,
    "median": 2.321928094887362,
    "p25": 2.2414460711655217,
    "p75": 2.584962500721156,
    "min": 2.0,
    "max": 3.4594316186372973,
    "count": 20
  },
  "Pi_max": {
    "mean": 0.5467676767676768,
    "median": 0.2,
    "p25": 0.2,
    "p75": 1.0,
    "min": 0.09090909090909091,
    "max": 1.0,
    "count": 20
  },
  "Rg_km": {
    "mean": 3.582468576976588,
    "median": 3.767690625516134,
    "p25": 0.949296000263103,
    "p75": 5.387147615873609,
    "min": 0.0284378135862132,
    "max": 8.684216798828306,
    "count": 20
  },
  "R": {
    "mean": 0.6237878787878788,
    "median": 0.6,
    "p25": 0.475,
    "p75": 0.8,
    "min": 0.3333333333333333,
    "max": 1.0,
    "count": 20
  },
  "figure": "reports_test/figures/tokyo_fig3_combined.png"
}